{
  "options": 0.16666666666666666,
  "congress": 0.16666666666666666,
  "short_interest": 0.16666666666666666,
  "insider": 0.36306893187336464,
  "technicals": 0.0869080973116601,
  "analyst": 0.05002297081497527
}