{
  "cutoffs": {
    "tactical": {
      "p10": -0.7899428491019183,
      "p25": -0.5776751672058049,
      "p50": -0.21533527131228525,
      "p75": 0.19003872539186487,
      "p90": 0.5517702875477742,
      "min": -1.2160201647809137,
      "max": 5.6343439810857,
      "mean": -0.10878986466388824,
      "std": 0.67482275689283
    },
    "strategic": {
      "p10": -0.701832186879689,
      "p25": -0.41917744185569733,
      "p50": -0.09161948604870712,
      "p75": 0.20979576715648032,
      "p90": 0.46957727230198204,
      "min": -0.9940392657526411,
      "max": 3.555872881948898,
      "mean": -0.05755552748893766,
      "std": 0.5426891891251656
    }
  },
  "buckets": {
    "tactical": {
      "cold": {
        "min": -999.0,
        "max": -0.5776751672058049
      },
      "neutral": {
        "min": -0.5776751672058049,
        "max": 0.19003872539186487
      },
      "hot": {
        "min": 0.19003872539186487,
        "max": 0.5517702875477742
      },
      "extreme": {
        "min": 0.5517702875477742,
        "max": 999.0
      }
    },
    "strategic": {
      "cold": {
        "min": -999.0,
        "max": -0.41917744185569733
      },
      "neutral": {
        "min": -0.41917744185569733,
        "max": 0.20979576715648032
      },
      "hot": {
        "min": 0.20979576715648032,
        "max": 0.46957727230198204
      },
      "extreme": {
        "min": 0.46957727230198204,
        "max": 999.0
      }
    }
  },
  "scheme": "cold \u2264 p25 < neutral \u2264 p75 < hot \u2264 p90 < extreme",
  "rationale": "Quartile-based ensures every bucket fires; eliminates v3's mathematically-unreachable 'extreme' problem on slow."
}