{
  "as_of": "2026-05-01",
  "method": "Ledoit-Wolf shrinkage with diagonal target",
  "shrinkage_intensity": 0.08767724965796463,
  "factors": [
    "real_gdp",
    "nominal_gdp",
    "real_dpi",
    "nominal_dpi",
    "cpi",
    "unemployment",
    "house_prices",
    "cre_prices",
    "equity_prices",
    "equity_vol",
    "t3mo",
    "t5y",
    "t10y",
    "bbb10y",
    "mortgage30",
    "prime"
  ],
  "covariance": {
    "real_gdp": {
      "real_gdp": 1.8826506482936052,
      "nominal_gdp": 1.7079072969866118,
      "real_dpi": -0.2037418885293766,
      "nominal_dpi": -0.18030984013625131,
      "cpi": 0.06742090470242243,
      "unemployment": -0.23774610235355279,
      "house_prices": 0.09878366880159924,
      "cre_prices": 0.06788128721539562,
      "equity_prices": 0.020827983961148242,
      "equity_vol": -0.017450376058925895,
      "t3mo": 0.00786020743251719,
      "t5y": 0.014076035731762254,
      "t10y": 0.022087975341673838,
      "bbb10y": 0.012608330939677349,
      "mortgage30": 0.0006736778461746563
    },
    "nominal_gdp": {
      "real_gdp": 1.7079072969866118,
      "nominal_gdp": 1.8937188461281047,
      "real_dpi": -0.20067556001735504,
      "nominal_dpi": -0.15404594262401247,
      "cpi": 0.3914019209885994,
      "unemployment": -0.34570120956970646,
      "house_prices": 0.30332450165700087,
      "cre_prices": 0.18732208786547502,
      "equity_prices": 0.0033404039056451015,
      "equity_vol": -0.0012597164619895928,
      "t3mo": 0.03787251182433204,
      "t5y": 0.04544578437862321,
      "t10y": 0.05018551217287062,
      "bbb10y": -0.018674518876782047,
      "mortgage30": 0.052176455858575825
    },
    "real_dpi": {
      "real_gdp": -0.2037418885293766,
      "nominal_gdp": -0.20067556001735504,
      "real_dpi": 2.168628505163059,
      "nominal_dpi": 2.055277734323984,
      "cpi": -0.09968924000420554,
      "unemployment": 0.15504802375226315,
      "house_prices": 0.007552169179118173,
      "cre_prices": 0.006503548687575806,
      "equity_prices": 0.023954328750670346,
      "equity_vol": -0.0482249449494014,
      "t3mo": 0.012800188103480895,
      "t5y": -0.010986137374088734,
      "t10y": 0.0004030618057790611,
      "bbb10y": 0.042830132023594925,
      "mortgage30": 0.010275492754633768
    },
    "nominal_dpi": {
      "real_gdp": -0.18030984013625131,
      "nominal_gdp": -0.15404594262401247,
      "real_dpi": 2.055277734323984,
      "nominal_dpi": 2.1759585580554153,
      "cpi": -0.03730600541120366,
      "unemployment": 0.1276592025266063,
      "house_prices": 0.040354468402047955,
      "cre_prices": 0.02490589186199841,
      "equity_prices": 0.024576354065285567,
      "equity_vol": -0.04662757297624347,
      "t3mo": 0.020387465787025626,
      "t5y": 0.00010123646212269527,
      "t10y": 0.012199584783284395,
      "bbb10y": 0.0332189096662882,
      "mortgage30": 0.025041066727443335
    },
    "cpi": {
      "real_gdp": 0.06742090470242243,
      "nominal_gdp": 0.3914019209885994,
      "real_dpi": -0.09968924000420554,
      "nominal_dpi": -0.03730600541120366,
      "cpi": 1.3971062312381213,
      "unemployment": -0.5035027610891697,
      "house_prices": 0.4770388871071519,
      "cre_prices": 0.40642648119659597,
      "equity_prices": -0.047703885030816906,
      "equity_vol": 0.02559007074784305,
      "t3mo": 0.16700295696262313,
      "t5y": 0.0810028778337642,
      "t10y": 0.0643534959366292,
      "bbb10y": -0.11361187890039952,
      "mortgage30": 0.1418456379696095
    },
    "unemployment": {
      "real_gdp": -0.23774610235355279,
      "nominal_gdp": -0.34570120956970646,
      "real_dpi": 0.15504802375226315,
      "nominal_dpi": 0.1276592025266063,
      "cpi": -0.5035027610891697,
      "unemployment": 1.6814568893884558,
      "house_prices": -0.41968935483551517,
      "cre_prices": -0.7969920780455655,
      "equity_prices": 0.04971061988013969,
      "equity_vol": -0.06213424798847785,
      "t3mo": -0.042090484654728456,
      "t5y": -0.04111971041303115,
      "t10y": -0.04054750493715568,
      "bbb10y": 0.4212679252583766,
      "mortgage30": -0.0818084012157034
    },
    "house_prices": {
      "real_gdp": 0.09878366880159924,
      "nominal_gdp": 0.30332450165700087,
      "real_dpi": 0.007552169179118173,
      "nominal_dpi": 0.040354468402047955,
      "cpi": 0.4770388871071519,
      "unemployment": -0.41968935483551517,
      "house_prices": 0.9444403230456446,
      "cre_prices": 0.5655075290865448,
      "equity_prices": -0.012693108141412578,
      "equity_vol": 0.01058555406479659,
      "t3mo": 0.07222502484745501,
      "t5y": 0.07873991846123293,
      "t10y": 0.06925064069897381,
      "bbb10y": 0.143434287901789,
      "mortgage30": 0.10747663732588605
    },
    "cre_prices": {
      "real_gdp": 0.06788128721539562,
      "nominal_gdp": 0.18732208786547502,
      "real_dpi": 0.006503548687575806,
      "nominal_dpi": 0.02490589186199841,
      "cpi": 0.40642648119659597,
      "unemployment": -0.7969920780455655,
      "house_prices": 0.5655075290865448,
      "cre_prices": 0.9042941140664262,
      "equity_prices": -0.0015540560438357985,
      "equity_vol": 0.00445049496741278,
      "t3mo": 0.07260156369609139,
      "t5y": 0.0595023926912682,
      "t10y": 0.05580746352802876,
      "bbb10y": -0.1310601513458039,
      "mortgage30": 0.07702274424724607
    },
    "equity_prices": {
      "real_gdp": 0.020827983961148242,
      "nominal_gdp": 0.0033404039056451015,
      "real_dpi": 0.023954328750670346,
      "nominal_dpi": 0.024576354065285567,
      "cpi": -0.047703885030816906,
      "unemployment": 0.04971061988013969,
      "house_prices": -0.012693108141412578,
      "cre_prices": -0.0015540560438357985,
      "equity_prices": 0.9497284107441101,
      "equity_vol": -0.7639352084676672,
      "t3mo": 0.03155634294073254,
      "t5y": 0.11514956082257595,
      "t10y": 0.14877106727142275,
      "bbb10y": -0.11441928699721934,
      "mortgage30": -0.0697594880207664
    },
    "equity_vol": {
      "real_gdp": -0.017450376058925895,
      "nominal_gdp": -0.0012597164619895928,
      "real_dpi": -0.0482249449494014,
      "nominal_dpi": -0.04662757297624347,
      "cpi": 0.02559007074784305,
      "unemployment": -0.06213424798847785,
      "house_prices": 0.01058555406479659,
      "cre_prices": 0.00445049496741278,
      "equity_prices": -0.7639352084676672,
      "equity_vol": 1.3436508625432246,
      "t3mo": -0.04255386260533736,
      "t5y": -0.19915507790619066,
      "t10y": -0.22298262417637463,
      "bbb10y": 0.09777227980646558,
      "mortgage30": 0.015933394215032533
    },
    "t3mo": {
      "real_gdp": 0.00786020743251719,
      "nominal_gdp": 0.03787251182433204,
      "real_dpi": 0.012800188103480895,
      "nominal_dpi": 0.020387465787025626,
      "cpi": 0.16700295696262313,
      "unemployment": -0.042090484654728456,
      "house_prices": 0.07222502484745501,
      "cre_prices": 0.07260156369609139,
      "equity_prices": 0.03155634294073254,
      "equity_vol": -0.04255386260533736,
      "t3mo": 0.36853509753304137,
      "t5y": 0.10037792354419371,
      "t10y": 0.0903236781079258,
      "bbb10y": 0.05036589680240415,
      "mortgage30": 0.06359975781418001
    },
    "t5y": {
      "real_gdp": 0.014076035731762254,
      "nominal_gdp": 0.04544578437862321,
      "real_dpi": -0.010986137374088734,
      "nominal_dpi": 0.00010123646212269527,
      "cpi": 0.0810028778337642,
      "unemployment": -0.04111971041303115,
      "house_prices": 0.07873991846123293,
      "cre_prices": 0.0595023926912682,
      "equity_prices": 0.11514956082257595,
      "equity_vol": -0.19915507790619066,
      "t3mo": 0.10037792354419371,
      "t5y": 0.7155585405152652,
      "t10y": 0.5863679743063719,
      "bbb10y": -0.03502310280287293,
      "mortgage30": 0.08472792951281746
    },
    "t10y": {
      "real_gdp": 0.022087975341673838,
      "nominal_gdp": 0.05018551217287062,